Phone,Email,Name
727-418-5467,eu.arcu.Morbi@vitaenibhDonec.ca,Gay Nelson
730-320-6404,facilisis.facilisis@nasceturridiculus.net,May Harmon
380-956-7043,turpis@nequevenenatislacus.org,Oprah Sharpe
144-689-7059,purus.Maecenas.libero@diam.ca,Nehru Odonnell
911-645-5200,dictum.eu.placerat@Nunclectuspede.edu,Amity Stanley
711-413-9411,blandit.viverra@musProin.com,Jarrod Lott
160-749-6213,quam.elementum.at@molestiedapibusligula.com,Lucian Blackburn
103-957-5689,vel.turpis.Aliquam@anteNuncmauris.org,Maris Townsend
181-558-2282,neque.venenatis.lacus@malesuada.edu,Ferris Holmes
966-966-1201,non.lobortis.quis@eunulla.co.uk,Orla Vasquez
560-936-5807,Quisque@nislQuisquefringilla.com,Justin Oconnor
132-892-6282,accumsan@fringillaornare.co.uk,Carol Rodriquez
484-583-0293,Mauris@etipsumcursus.edu,Kieran Benson
123-756-7619,dictum.augue@sagittis.co.uk,Juliet Peters
881-793-7573,placerat.augue.Sed@ultricies.edu,Cairo Watts
174-146-7987,facilisis.Suspendisse@Praesentinterdum.net,Neil Sheppard
455-827-2020,Integer.in.magna@ullamcorpereueuismod.com,Hyacinth George
597-321-0463,dolor@luctusipsum.edu,Rebekah Moreno
705-698-8595,ligula@maurisipsum.org,Quentin Oneill
804-594-6523,elit.pharetra@nunc.org,Talon Murphy
532-556-2282,risus.quis@ac.edu,Abra Hall
448-873-6272,orci@Fusce.org,Gregory Moses
369-715-3917,nec@Innec.org,Quyn Norris
540-837-4358,aliquet.nec.imperdiet@rhoncusDonecest.com,Glenna Duke
908-599-3815,Nullam@velitQuisque.org,Justin Valenzuela
827-502-7451,Quisque.varius.Nam@tortornibhsit.edu,Noble Dillon
574-596-6412,eget@mattis.com,Briar Wolf
665-258-9336,Sed@erosnec.org,Boris Rogers
360-939-1783,tempor@Nullam.ca,Dacey Farrell
604-523-8926,aliquam@imperdietullamcorper.edu,Brent Sweet
483-367-1538,consectetuer.rhoncus@arcuVivamus.com,Adrienne Lamb
743-742-7216,magnis@est.org,Ezekiel Mcpherson
930-243-1168,non.vestibulum.nec@ultriciessem.edu,Kelly Bolton
548-146-2401,eu.erat@pede.ca,Natalie Moore
787-283-3179,amet.nulla.Donec@auctorodioa.edu,Samuel Curry
686-259-0630,suscipit.nonummy.Fusce@lacus.org,Sydnee Flores
192-771-8932,nonummy.ut@dictumplacerataugue.com,Silas Gutierrez
789-423-8188,vitae.dolor@tellussem.edu,Marsden Hodges
615-547-7049,ac.metus@Proin.ca,Hadley Moody
758-603-5330,sollicitudin@Nullamvitaediam.net,Emery Horne
684-627-1478,vehicula.et.rutrum@nequeIn.co.uk,Olivia Ingram
471-958-4248,sit.amet.nulla@Pellentesqueultricies.com,Wynne Rodriguez
949-712-9969,in.felis.Nulla@commodoauctor.co.uk,Kermit Mckee
835-924-8375,magna.tellus.faucibus@sedconsequatauctor.net,Arden Harding
441-535-4255,nisl@at.edu,Hiram Calderon
207-255-8593,pede.Suspendisse.dui@enimmi.ca,Renee Doyle
838-372-3512,eleifend.egestas@liberoMorbiaccumsan.co.uk,Lawrence Trujillo
671-386-9820,at.sem.molestie@adipiscingelit.co.uk,Cheyenne Oneal
385-363-3721,neque@In.net,Christian Whitney
686-534-1855,ac.urna@ligula.edu,Jena Diaz
400-892-0460,malesuada.malesuada.Integer@posuerecubilia.co.uk,Sade Harvey
148-278-3136,cubilia.Curae.Donec@at.net,Gray Ramsey
765-110-9072,felis.eget.varius@lectusconvallisest.ca,TaShya Stone
454-218-6102,pede.et@vulputate.edu,Colby Schmidt
733-452-9720,egestas@tinciduntdui.org,Jermaine Perry
571-925-9643,accumsan.neque@Proinvel.net,Kyle Farrell
856-612-0634,adipiscing.elit@enim.ca,Emi Olsen
872-675-2975,laoreet.ipsum.Curabitur@Pellentesquetincidunttempus.edu,Melvin Warner
434-464-0233,semper.egestas@temporloremeget.com,Marshall Love
612-424-0242,justo.Praesent.luctus@atrisusNunc.com,Keaton Lester
548-947-8007,lorem.luctus.ut@vulputate.edu,Kirestin Lyons
319-110-1336,aliquet@nisia.co.uk,Teagan Harvey
664-995-2287,tempor@nec.edu,Elliott Oneill
206-617-6803,Duis@vehicularisus.com,Adam Guzman
516-128-3814,lorem.ut@Cumsociis.co.uk,Phillip Kane
865-170-7930,In.nec@Praesent.net,Ray Velazquez
610-233-3430,sodales@idante.ca,Gabriel Waters
173-342-8223,est@Phasellusdapibus.org,Carter Clemons
248-498-5427,est@IntegermollisInteger.ca,Phillip Reilly
749-988-2472,eu.elit.Nulla@Proinsedturpis.edu,Cameran Harrison
264-650-0207,ac.sem.ut@Cumsociis.com,Richard Harper
976-937-2779,Aliquam.erat@Nuncquis.net,Indira Cummings
803-479-5031,tortor@semperegestasurna.net,Joshua Porter
325-158-5817,odio@Praesentinterdum.ca,Kathleen Holt
698-891-0473,egestas@Suspendisse.ca,Coby Shelton
434-415-2870,eget.tincidunt@egestasSedpharetra.edu,Chancellor Harrington
491-654-2647,ac@a.org,Tobias Weber
697-606-0370,ipsum.cursus@afeugiat.edu,Melinda Mack
993-462-5516,Vestibulum@DonectinciduntDonec.edu,Kiayada Schwartz
485-431-9756,vel.turpis.Aliquam@cursus.ca,Dolan Edwards
982-907-4015,dui.semper.et@sapien.org,Rashad Terrell
491-537-5807,amet.lorem@et.com,Hakeem Contreras
973-694-6879,nunc.sit.amet@gravidaPraesenteu.org,Scott Blackwell
362-468-8543,convallis@nascetur.net,Cora Mays
185-283-8705,tempor@Nullam.net,Dustin Finley
399-940-9755,risus@consectetuer.org,Ingrid Fitzpatrick
668-338-8952,Aliquam.ultrices@ipsumportaelit.org,Hannah Wilkinson
739-965-7449,ullamcorper.viverra@congue.net,Leandra Payne
800-550-0560,nunc@erat.co.uk,Nasim David
645-542-3571,nascetur.ridiculus@lacus.org,Nigel Hendrix
909-356-0443,orci.quis.lectus@necorciDonec.net,Alfonso Hill
115-956-4630,Donec@telluseuaugue.org,Prescott Howard
750-693-9796,nec@eu.co.uk,Priscilla Armstrong
894-221-7493,dui@risus.com,Lillian Conley
677-862-2213,et@leoinlobortis.co.uk,Clementine Thomas
987-921-2916,augue.eu@ullamcorpereu.ca,Sharon Palmer
488-485-1698,Nulla.facilisis.Suspendisse@Nulla.com,Vivian Patton
130-950-9495,turpis.Aliquam@consectetuer.ca,Eaton Browning
938-110-4439,vitae.nibh.Donec@Proinvelarcu.ca,McKenzie Herrera
336-729-7828,Aliquam@est.co.uk,Rhona Stevens